id,trial_id,size,fill_a,fill_b,job_name,pod_name,logs_end,logs_end_time,logs_start,logs_start_time,logs_wall_cs,logs_wall_us,logs_cpu_usage,pod_creation_timestamp,container_creation_timestamp,started_at,finished_at,scheduled_at
1,1,500,7,9,job-matrix-mult-default-1,job-matrix-mult-default-1-nqkhn,124467687,498957870,89738,498945444,12426,124260000,1000m,2026-03-14T10:08:06Z,2026-03-14T10:08:06Z,2026-03-14T10:08:06Z,2026-03-14T10:10:10Z,2026-03-14T10:08:06Z
1,2,500,7,9,job-matrix-mult-default-1,job-matrix-mult-default-1-zxx6p,120004220,498970627,99605,498958649,11978,119780000,1001m,2026-03-14T10:10:18Z,2026-03-14T10:10:18Z,2026-03-14T10:10:18Z,2026-03-14T10:12:18Z,2026-03-14T10:10:18Z
1,3,500,7,9,job-matrix-mult-default-1,job-matrix-mult-default-1-9tfh9,126487317,498983469,100407,498970846,12623,126230000,1001m,2026-03-14T10:12:20Z,2026-03-14T10:12:20Z,2026-03-14T10:12:20Z,2026-03-14T10:14:26Z,2026-03-14T10:12:20Z
1,4,500,7,9,job-matrix-mult-default-1,job-matrix-mult-default-1-jht6p,119190967,498995927,88676,498984048,11879,118790000,1002m,2026-03-14T10:14:32Z,2026-03-14T10:14:32Z,2026-03-14T10:14:32Z,2026-03-14T10:16:31Z,2026-03-14T10:14:32Z
1,5,500,7,9,job-matrix-mult-default-1,job-matrix-mult-default-1-pbxhq,120553466,499008261,88679,498996246,12015,120150000,1002m,2026-03-14T10:16:34Z,2026-03-14T10:16:34Z,2026-03-14T10:16:34Z,2026-03-14T10:18:34Z,2026-03-14T10:16:34Z
1,6,500,7,9,job-matrix-mult-default-1,job-matrix-mult-default-1-9fbrg,119312899,499021404,87341,499009480,11924,119240000,999m,2026-03-14T10:18:46Z,2026-03-14T10:18:46Z,2026-03-14T10:18:47Z,2026-03-14T10:20:46Z,2026-03-14T10:18:46Z
1,7,500,7,9,job-matrix-mult-default-1,job-matrix-mult-default-1-98dcd,119401197,499033552,89279,499021648,11904,119040000,1002m,2026-03-14T10:20:48Z,2026-03-14T10:20:48Z,2026-03-14T10:20:48Z,2026-03-14T10:22:47Z,2026-03-14T10:20:48Z
1,8,500,7,9,job-matrix-mult-default-1,job-matrix-mult-default-1-98dcd,119401197,499033552,89279,499021648,11904,119040000,1002m,2026-03-14T10:20:48Z,2026-03-14T10:20:48Z,2026-03-14T10:20:48Z,2026-03-14T10:22:47Z,2026-03-14T10:20:48Z
1,9,500,7,9,job-matrix-mult-default-1,job-matrix-mult-default-1-72dvb,119419714,499045846,87525,499033936,11910,119100000,1001m,2026-03-14T10:22:50Z,2026-03-14T10:22:50Z,2026-03-14T10:22:51Z,2026-03-14T10:24:50Z,2026-03-14T10:22:50Z
1,10,500,7,9,job-matrix-mult-default-1,job-matrix-mult-default-1-m5fzr,120643228,499058151,85695,499046129,12022,120220000,1002m,2026-03-14T10:24:52Z,2026-03-14T10:24:52Z,2026-03-14T10:24:53Z,2026-03-14T10:26:53Z,2026-03-14T10:24:52Z
2,1,700,14,35,job-matrix-mult-default-2,job-matrix-mult-default-2-n95sj,326112195,499091985,86578,499059337,32648,326480000,998m,2026-03-14T10:27:04Z,2026-03-14T10:27:04Z,2026-03-14T10:27:05Z,2026-03-14T10:32:32Z,2026-03-14T10:27:04Z
2,2,700,14,35,job-matrix-mult-default-2,job-matrix-mult-default-2-v49lc,331118424,499125824,84553,499092722,33102,331020000,1000m,2026-03-14T10:32:38Z,2026-03-14T10:32:38Z,2026-03-14T10:32:39Z,2026-03-14T10:38:10Z,2026-03-14T10:32:38Z
2,3,700,14,35,job-matrix-mult-default-2,job-matrix-mult-default-2-vl7v6,326248413,499158728,88061,499126114,32614,326140000,1000m,2026-03-14T10:38:12Z,2026-03-14T10:38:12Z,2026-03-14T10:38:13Z,2026-03-14T10:43:39Z,2026-03-14T10:38:12Z
2,4,700,14,35,job-matrix-mult-default-2,job-matrix-mult-default-2-xkfsm,334505680,499193030,87131,499159499,33531,335310000,997m,2026-03-14T10:43:46Z,2026-03-14T10:43:46Z,2026-03-14T10:43:47Z,2026-03-14T10:49:22Z,2026-03-14T10:43:46Z
2,5,700,14,35,job-matrix-mult-default-2,job-matrix-mult-default-2-t49th,332569936,499227192,88754,499193894,33298,332980000,998m,2026-03-14T10:49:30Z,2026-03-14T10:49:30Z,2026-03-14T10:49:31Z,2026-03-14T10:55:04Z,2026-03-14T10:49:30Z
2,6,700,14,35,job-matrix-mult-default-2,job-matrix-mult-default-2-m5b9r,329637909,499261259,86460,499228284,32975,329750000,999m,2026-03-14T10:55:14Z,2026-03-14T10:55:14Z,2026-03-14T10:55:15Z,2026-03-14T11:00:44Z,2026-03-14T10:55:14Z
2,7,700,14,35,job-matrix-mult-default-2,job-matrix-mult-default-2-kzhm7,325449118,499294241,83753,499261667,32574,325740000,998m,2026-03-14T11:00:48Z,2026-03-14T11:00:48Z,2026-03-14T11:00:48Z,2026-03-14T11:06:14Z,2026-03-14T11:00:48Z
2,8,700,14,35,job-matrix-mult-default-2,job-matrix-mult-default-2-x6mbw,332213463,499328380,88293,499295067,33313,333130000,996m,2026-03-14T11:06:22Z,2026-03-14T11:06:22Z,2026-03-14T11:06:22Z,2026-03-14T11:11:56Z,2026-03-14T11:06:22Z
2,9,700,14,35,job-matrix-mult-default-2,job-matrix-mult-default-2-8248s,326057470,499362073,87816,499329456,32617,326170000,999m,2026-03-14T11:12:06Z,2026-03-14T11:12:06Z,2026-03-14T11:12:06Z,2026-03-14T11:17:33Z,2026-03-14T11:12:06Z
2,10,700,14,35,job-matrix-mult-default-2,job-matrix-mult-default-2-p4n5x,325511771,499395403,86169,499362840,32563,325630000,999m,2026-03-14T11:17:39Z,2026-03-14T11:17:39Z,2026-03-14T11:17:40Z,2026-03-14T11:23:06Z,2026-03-14T11:17:39Z
3,1,1000,42,87,,,,,,,,,,,,,,
3,2,1000,42,87,,,,,,,,,,,,,,
3,3,1000,42,87,,,,,,,,,,,,,,
3,4,1000,42,87,,,,,,,,,,,,,,
3,5,1000,42,87,,,,,,,,,,,,,,
3,6,1000,42,87,,,,,,,,,,,,,,
3,7,1000,42,87,,,,,,,,,,,,,,
3,8,1000,42,87,,,,,,,,,,,,,,
3,9,1000,42,87,,,,,,,,,,,,,,
3,10,1000,42,87,,,,,,,,,,,,,,
4,1,1100,25,60,,,,,,,,,,,,,,
4,2,1100,25,60,,,,,,,,,,,,,,
4,3,1100,25,60,,,,,,,,,,,,,,
4,4,1100,25,60,,,,,,,,,,,,,,
4,5,1100,25,60,,,,,,,,,,,,,,
4,6,1100,25,60,,,,,,,,,,,,,,
4,7,1100,25,60,,,,,,,,,,,,,,
4,8,1100,25,60,,,,,,,,,,,,,,
4,9,1100,25,60,,,,,,,,,,,,,,
4,10,1100,25,60,,,,,,,,,,,,,,
5,1,200,19,46,job-matrix-mult-default-5,job-matrix-mult-default-5-6fzks,8430661,498832298,85646,498831520,778,7780000,1072m,2026-03-14T09:49:06Z,2026-03-14T09:49:06Z,2026-03-14T09:49:07Z,2026-03-14T09:49:15Z,2026-03-14T09:49:06Z
5,2,200,19,46,job-matrix-mult-default-5,job-matrix-mult-default-5-fkfkc,8511972,498833398,85548,498832615,783,7830000,1076m,2026-03-14T09:49:17Z,2026-03-14T09:49:17Z,2026-03-14T09:49:18Z,2026-03-14T09:49:26Z,2026-03-14T09:49:17Z
5,3,200,19,46,job-matrix-mult-default-5,job-matrix-mult-default-5-tqfr5,8678754,498834495,89185,498833713,782,7820000,1098m,2026-03-14T09:49:28Z,2026-03-14T09:49:28Z,2026-03-14T09:49:29Z,2026-03-14T09:49:37Z,2026-03-14T09:49:28Z
5,4,200,19,46,job-matrix-mult-default-5,job-matrix-mult-default-5-7l2mt,8480233,498835588,87860,498834806,782,7820000,1073m,2026-03-14T09:49:39Z,2026-03-14T09:49:39Z,2026-03-14T09:49:40Z,2026-03-14T09:49:48Z,2026-03-14T09:49:39Z
5,5,200,19,46,job-matrix-mult-default-5,job-matrix-mult-default-5-xhqf4,8439926,498836675,88029,498835900,775,7750000,1077m,2026-03-14T09:49:50Z,2026-03-14T09:49:50Z,2026-03-14T09:49:51Z,2026-03-14T09:49:59Z,2026-03-14T09:49:50Z
5,6,200,19,46,job-matrix-mult-default-5,job-matrix-mult-default-5-889gv,10244178,498837923,86999,498836994,929,9290000,1093m,2026-03-14T09:50:01Z,2026-03-14T09:50:01Z,2026-03-14T09:50:02Z,2026-03-14T09:50:11Z,2026-03-14T09:50:01Z
5,7,200,19,46,job-matrix-mult-default-5,job-matrix-mult-default-5-76r6g,8753003,498839882,87993,498839102,780,7800000,1110m,2026-03-14T09:50:22Z,2026-03-14T09:50:22Z,2026-03-14T09:50:23Z,2026-03-14T09:50:31Z,2026-03-14T09:50:22Z
5,8,200,19,46,job-matrix-mult-default-5,job-matrix-mult-default-5-qr829,9256151,498841059,87779,498840199,860,8600000,1066m,2026-03-14T09:50:33Z,2026-03-14T09:50:33Z,2026-03-14T09:50:34Z,2026-03-14T09:50:42Z,2026-03-14T09:50:33Z
5,9,200,19,46,job-matrix-mult-default-5,job-matrix-mult-default-5-rmbkm,9624735,498842191,86690,498841297,894,8940000,1066m,2026-03-14T09:50:44Z,2026-03-14T09:50:44Z,2026-03-14T09:50:45Z,2026-03-14T09:50:54Z,2026-03-14T09:50:44Z
5,10,200,19,46,job-matrix-mult-default-5,job-matrix-mult-default-5-h959g,10466683,498843343,86221,498842390,953,9530000,1089m,2026-03-14T09:50:55Z,2026-03-14T09:50:55Z,2026-03-14T09:50:56Z,2026-03-14T09:51:05Z,2026-03-14T09:50:55Z
6,1,300,6,21,job-matrix-mult-default-6,job-matrix-mult-default-6-jltpp,27219676,498871948,86161,498869313,2635,26350000,1029m,2026-03-14T09:55:24Z,2026-03-14T09:55:24Z,2026-03-14T09:55:25Z,2026-03-14T09:55:51Z,2026-03-14T09:55:24Z
6,2,300,6,21,job-matrix-mult-default-6,job-matrix-mult-default-6-npc2t,26670635,498875048,87128,498872428,2620,26200000,1014m,2026-03-14T09:55:55Z,2026-03-14T09:55:55Z,2026-03-14T09:55:56Z,2026-03-14T09:56:22Z,2026-03-14T09:55:55Z
6,3,300,6,21,job-matrix-mult-default-6,job-matrix-mult-default-6-mq6gj,30198175,498878503,84115,498875544,2959,29590000,1017m,2026-03-14T09:56:27Z,2026-03-14T09:56:27Z,2026-03-14T09:56:27Z,2026-03-14T09:56:57Z,2026-03-14T09:56:27Z
6,4,300,6,21,job-matrix-mult-default-6,job-matrix-mult-default-6-sckrd,26571438,498882259,84858,498879665,2594,25940000,1021m,2026-03-14T09:57:08Z,2026-03-14T09:57:08Z,2026-03-14T09:57:08Z,2026-03-14T09:57:34Z,2026-03-14T09:57:08Z
6,5,300,6,21,job-matrix-mult-default-6,job-matrix-mult-default-6-bhmk5,26355916,498885356,88622,498882780,2576,25760000,1019m,2026-03-14T09:57:39Z,2026-03-14T09:57:39Z,2026-03-14T09:57:40Z,2026-03-14T09:58:05Z,2026-03-14T09:57:39Z
6,6,300,6,21,job-matrix-mult-default-6,job-matrix-mult-default-6-nhb44,26488427,498888484,86542,498885895,2589,25890000,1019m,2026-03-14T09:58:10Z,2026-03-14T09:58:10Z,2026-03-14T09:58:11Z,2026-03-14T09:58:37Z,2026-03-14T09:58:10Z
6,7,300,6,21,job-matrix-mult-default-6,job-matrix-mult-default-6-b5td2,26416147,498891586,87063,498889009,2577,25770000,1021m,2026-03-14T09:58:41Z,2026-03-14T09:58:41Z,2026-03-14T09:58:42Z,2026-03-14T09:59:08Z,2026-03-14T09:58:41Z
6,8,300,6,21,job-matrix-mult-default-6,job-matrix-mult-default-6-nwgtx,28628334,498894923,84525,498892124,2799,27990000,1019m,2026-03-14T09:59:12Z,2026-03-14T09:59:12Z,2026-03-14T09:59:13Z,2026-03-14T09:59:41Z,2026-03-14T09:59:12Z
6,9,300,6,21,job-matrix-mult-default-6,job-matrix-mult-default-6-jmjxk,26974978,498897867,85165,498895234,2633,26330000,1021m,2026-03-14T09:59:43Z,2026-03-14T09:59:43Z,2026-03-14T09:59:44Z,2026-03-14T10:00:10Z,2026-03-14T09:59:43Z
6,10,300,6,21,job-matrix-mult-default-6,job-matrix-mult-default-6-6k6f4,26764359,498900965,88459,498898352,2613,26130000,1020m,2026-03-14T10:00:15Z,2026-03-14T10:00:15Z,2026-03-14T10:00:15Z,2026-03-14T10:00:41Z,2026-03-14T10:00:15Z
7,1,400,99,98,job-matrix-mult-default-7,job-matrix-mult-default-7-9q8pv,61382218,499402409,87637,499396320,6089,60890000,1006m,2026-03-14T11:23:14Z,2026-03-14T11:23:14Z,2026-03-14T11:23:15Z,2026-03-14T11:24:16Z,2026-03-14T11:23:14Z
7,2,400,99,98,job-matrix-mult-default-7,job-matrix-mult-default-7-b7fqn,63126407,499409733,86337,499403472,6261,62610000,1006m,2026-03-14T11:24:26Z,2026-03-14T11:24:26Z,2026-03-14T11:24:26Z,2026-03-14T11:25:29Z,2026-03-14T11:24:26Z
7,3,400,99,98,job-matrix-mult-default-7,job-matrix-mult-default-7-bwnrr,62918081,499416845,87342,499410623,6222,62220000,1009m,2026-03-14T11:25:37Z,2026-03-14T11:25:37Z,2026-03-14T11:25:38Z,2026-03-14T11:26:40Z,2026-03-14T11:25:37Z
7,4,400,99,98,job-matrix-mult-default-7,job-matrix-mult-default-7-j4nq5,61608188,499423874,87079,499417772,6102,61020000,1008m,2026-03-14T11:26:49Z,2026-03-14T11:26:49Z,2026-03-14T11:26:49Z,2026-03-14T11:27:51Z,2026-03-14T11:26:49Z
7,5,400,99,98,job-matrix-mult-default-7,job-matrix-mult-default-7-8jcvc,61580978,499431011,85759,499424924,6087,60870000,1010m,2026-03-14T11:28:00Z,2026-03-14T11:28:00Z,2026-03-14T11:28:01Z,2026-03-14T11:29:02Z,2026-03-14T11:28:00Z
7,6,400,99,98,job-matrix-mult-default-7,job-matrix-mult-default-7-bf8zr,61319394,499438167,89238,499432075,6092,60920000,1005m,2026-03-14T11:29:12Z,2026-03-14T11:29:12Z,2026-03-14T11:29:13Z,2026-03-14T11:30:13Z,2026-03-14T11:29:12Z
7,7,400,99,98,job-matrix-mult-default-7,job-matrix-mult-default-7-f7m4v,61757687,499445315,86712,499439224,6091,60910000,1012m,2026-03-14T11:30:23Z,2026-03-14T11:30:23Z,2026-03-14T11:30:24Z,2026-03-14T11:31:25Z,2026-03-14T11:30:23Z
7,8,400,99,98,job-matrix-mult-default-7,job-matrix-mult-default-7-ng9g8,61250308,499452446,86750,499446378,6068,60680000,1007m,2026-03-14T11:31:35Z,2026-03-14T11:31:35Z,2026-03-14T11:31:36Z,2026-03-14T11:32:36Z,2026-03-14T11:31:35Z
7,9,400,99,98,job-matrix-mult-default-7,job-matrix-mult-default-7-tsrw8,65024261,499459970,85987,499453525,6445,64450000,1007m,2026-03-14T11:32:46Z,2026-03-14T11:32:46Z,2026-03-14T11:32:47Z,2026-03-14T11:33:51Z,2026-03-14T11:32:46Z
7,10,400,99,98,job-matrix-mult-default-7,job-matrix-mult-default-7-4x7ht,61437839,499466792,86042,499460672,6120,61200000,1002m,2026-03-14T11:33:58Z,2026-03-14T11:33:58Z,2026-03-14T11:33:58Z,2026-03-14T11:35:00Z,2026-03-14T11:33:58Z
8,1,600,50,50,job-matrix-mult-default-8,job-matrix-mult-default-8-wj824,205280791,499488366,87773,499467826,20540,205400000,998m,2026-03-14T11:35:09Z,2026-03-14T11:35:09Z,2026-03-14T11:35:10Z,2026-03-14T11:38:35Z,2026-03-14T11:35:09Z
8,2,600,50,50,job-matrix-mult-default-8,job-matrix-mult-default-8-gwbbq,205316051,499509616,85748,499489103,20513,205130000,1000m,2026-03-14T11:38:42Z,2026-03-14T11:38:42Z,2026-03-14T11:38:43Z,2026-03-14T11:42:08Z,2026-03-14T11:38:42Z
8,3,600,50,50,job-matrix-mult-default-8,job-matrix-mult-default-8-qmc5z,207098472,499531122,86884,499510380,20742,207420000,998m,2026-03-14T11:42:15Z,2026-03-14T11:42:15Z,2026-03-14T11:42:16Z,2026-03-14T11:45:43Z,2026-03-14T11:42:15Z
8,4,600,50,50,job-matrix-mult-default-8,job-matrix-mult-default-8-rnd44,205531430,499552225,84892,499531660,20565,205650000,999m,2026-03-14T11:45:48Z,2026-03-14T11:45:48Z,2026-03-14T11:45:48Z,2026-03-14T11:49:14Z,2026-03-14T11:45:48Z
8,5,600,50,50,job-matrix-mult-default-8,job-matrix-mult-default-8-65vpq,206082777,499573519,84759,499552941,20578,205780000,1001m,2026-03-14T11:49:20Z,2026-03-14T11:49:20Z,2026-03-14T11:49:21Z,2026-03-14T11:52:47Z,2026-03-14T11:49:20Z
8,6,600,50,50,job-matrix-mult-default-8,job-matrix-mult-default-8-fbdgq,206073891,499594879,83886,499574219,20660,206600000,997m,2026-03-14T11:52:53Z,2026-03-14T11:52:53Z,2026-03-14T11:52:54Z,2026-03-14T11:56:21Z,2026-03-14T11:52:53Z
8,7,600,50,50,job-matrix-mult-default-8,job-matrix-mult-default-8-kx8hq,207314394,499616308,86296,499595499,20809,208090000,995m,2026-03-14T11:56:26Z,2026-03-14T11:56:26Z,2026-03-14T11:56:27Z,2026-03-14T11:59:55Z,2026-03-14T11:56:26Z
8,8,600,50,50,job-matrix-mult-default-8,job-matrix-mult-default-8-7mq6c,207136176,499637545,87428,499616780,20765,207650000,997m,2026-03-14T11:59:59Z,2026-03-14T11:59:59Z,2026-03-14T12:00:00Z,2026-03-14T12:03:27Z,2026-03-14T11:59:59Z
8,9,600,50,50,job-matrix-mult-default-8,job-matrix-mult-default-8-kms4p,206088112,499658639,85268,499638058,20581,205810000,1000m,2026-03-14T12:03:32Z,2026-03-14T12:03:32Z,2026-03-14T12:03:32Z,2026-03-14T12:06:58Z,2026-03-14T12:03:32Z
8,10,600,50,50,job-matrix-mult-default-8,job-matrix-mult-default-8-nfj5x,205338260,499679900,88048,499659337,20563,205630000,998m,2026-03-14T12:07:04Z,2026-03-14T12:07:04Z,2026-03-14T12:07:05Z,2026-03-14T12:10:31Z,2026-03-14T12:07:04Z
9,1,800,2,78,,,,,,,,,,,,,,
9,2,800,2,78,,,,,,,,,,,,,,
9,3,800,2,78,,,,,,,,,,,,,,
9,4,800,2,78,,,,,,,,,,,,,,
9,5,800,2,78,,,,,,,,,,,,,,
9,6,800,2,78,,,,,,,,,,,,,,
9,7,800,2,78,,,,,,,,,,,,,,
9,8,800,2,78,,,,,,,,,,,,,,
9,9,800,2,78,,,,,,,,,,,,,,
9,10,800,2,78,,,,,,,,,,,,,,
10,1,900,80,30,,,,,,,,,,,,,,
10,2,900,80,30,,,,,,,,,,,,,,
10,3,900,80,30,,,,,,,,,,,,,,
10,4,900,80,30,,,,,,,,,,,,,,
10,5,900,80,30,,,,,,,,,,,,,,
10,6,900,80,30,,,,,,,,,,,,,,
10,7,900,80,30,,,,,,,,,,,,,,
10,8,900,80,30,,,,,,,,,,,,,,
10,9,900,80,30,,,,,,,,,,,,,,
10,10,900,80,30,,,,,,,,,,,,,,
11,1,210,73,12,job-matrix-mult-default-11,job-matrix-mult-default-11-4nlmm,10119026,499744651,87370,499743734,917,9170000,1093m,2026-03-14T12:21:08Z,2026-03-14T12:21:08Z,2026-03-14T12:21:09Z,2026-03-14T12:21:18Z,2026-03-14T12:21:08Z
11,2,210,73,12,job-matrix-mult-default-11,job-matrix-mult-default-11-p9b6n,9659959,499746740,86438,499745838,902,9020000,1061m,2026-03-14T12:21:29Z,2026-03-14T12:21:29Z,2026-03-14T12:21:30Z,2026-03-14T12:21:39Z,2026-03-14T12:21:29Z
11,3,210,73,12,job-matrix-mult-default-11,job-matrix-mult-default-11-dtl2h,9757346,499748833,86148,499747943,890,8900000,1086m,2026-03-14T12:21:51Z,2026-03-14T12:21:51Z,2026-03-14T12:21:51Z,2026-03-14T12:22:00Z,2026-03-14T12:21:51Z
11,4,210,73,12,job-matrix-mult-default-11,job-matrix-mult-default-11-8n6pj,9615807,499750944,86498,499750050,894,8940000,1065m,2026-03-14T12:22:12Z,2026-03-14T12:22:12Z,2026-03-14T12:22:12Z,2026-03-14T12:22:21Z,2026-03-14T12:22:12Z
11,5,210,73,12,job-matrix-mult-default-11,job-matrix-mult-default-11-qwv8h,11243746,499753217,86772,499752153,1064,10640000,1048m,2026-03-14T12:22:33Z,2026-03-14T12:22:33Z,2026-03-14T12:22:33Z,2026-03-14T12:22:44Z,2026-03-14T12:22:33Z
11,6,210,73,12,job-matrix-mult-default-11,job-matrix-mult-default-11-jx7m7,9651312,499755154,88244,499754256,898,8980000,1064m,2026-03-14T12:22:54Z,2026-03-14T12:22:54Z,2026-03-14T12:22:54Z,2026-03-14T12:23:03Z,2026-03-14T12:22:54Z
11,7,210,73,12,job-matrix-mult-default-11,job-matrix-mult-default-11-ncpqk,10462442,499757314,87372,499756361,953,9530000,1088m,2026-03-14T12:23:15Z,2026-03-14T12:23:15Z,2026-03-14T12:23:15Z,2026-03-14T12:23:25Z,2026-03-14T12:23:15Z
11,8,210,73,12,job-matrix-mult-default-11,job-matrix-mult-default-11-6g5rz,9623049,499759361,86389,499758466,895,8950000,1065m,2026-03-14T12:23:36Z,2026-03-14T12:23:36Z,2026-03-14T12:23:36Z,2026-03-14T12:23:45Z,2026-03-14T12:23:36Z
11,9,210,73,12,job-matrix-mult-default-11,job-matrix-mult-default-11-g47gr,9586382,499761464,87350,499760569,895,8950000,1061m,2026-03-14T12:23:57Z,2026-03-14T12:23:57Z,2026-03-14T12:23:57Z,2026-03-14T12:24:06Z,2026-03-14T12:23:57Z
11,10,210,73,12,job-matrix-mult-default-11,job-matrix-mult-default-11-9n7vv,10618648,499763655,85673,499762673,982,9820000,1072m,2026-03-14T12:24:18Z,2026-03-14T12:24:18Z,2026-03-14T12:24:19Z,2026-03-14T12:24:28Z,2026-03-14T12:24:18Z
12,1,220,5,96,,,,,,,,,,,,,,
12,2,220,5,96,,,,,,,,,,,,,,
12,3,220,5,96,,,,,,,,,,,,,,
12,4,220,5,96,,,,,,,,,,,,,,
12,5,220,5,96,,,,,,,,,,,,,,
12,6,220,5,96,,,,,,,,,,,,,,
12,7,220,5,96,,,,,,,,,,,,,,
12,8,220,5,96,,,,,,,,,,,,,,
12,9,220,5,96,,,,,,,,,,,,,,
12,10,220,5,96,,,,,,,,,,,,,,
13,1,230,88,31,,,,,,,,,,,,,,
13,2,230,88,31,,,,,,,,,,,,,,
13,3,230,88,31,,,,,,,,,,,,,,
13,4,230,88,31,,,,,,,,,,,,,,
13,5,230,88,31,,,,,,,,,,,,,,
13,6,230,88,31,,,,,,,,,,,,,,
13,7,230,88,31,,,,,,,,,,,,,,
13,8,230,88,31,,,,,,,,,,,,,,
13,9,230,88,31,,,,,,,,,,,,,,
13,10,230,88,31,,,,,,,,,,,,,,
14,1,240,47,59,,,,,,,,,,,,,,
14,2,240,47,59,,,,,,,,,,,,,,
14,3,240,47,59,,,,,,,,,,,,,,
14,4,240,47,59,,,,,,,,,,,,,,
14,5,240,47,59,,,,,,,,,,,,,,
14,6,240,47,59,,,,,,,,,,,,,,
14,7,240,47,59,,,,,,,,,,,,,,
14,8,240,47,59,,,,,,,,,,,,,,
14,9,240,47,59,,,,,,,,,,,,,,
14,10,240,47,59,,,,,,,,,,,,,,
15,1,250,16,84,,,,,,,,,,,,,,
15,2,250,16,84,,,,,,,,,,,,,,
15,3,250,16,84,,,,,,,,,,,,,,
15,4,250,16,84,,,,,,,,,,,,,,
15,5,250,16,84,,,,,,,,,,,,,,
15,6,250,16,84,,,,,,,,,,,,,,
15,7,250,16,84,,,,,,,,,,,,,,
15,8,250,16,84,,,,,,,,,,,,,,
15,9,250,16,84,,,,,,,,,,,,,,
15,10,250,16,84,,,,,,,,,,,,,,
16,1,260,99,3,,,,,,,,,,,,,,
16,2,260,99,3,,,,,,,,,,,,,,
16,3,260,99,3,,,,,,,,,,,,,,
16,4,260,99,3,,,,,,,,,,,,,,
16,5,260,99,3,,,,,,,,,,,,,,
16,6,260,99,3,,,,,,,,,,,,,,
16,7,260,99,3,,,,,,,,,,,,,,
16,8,260,99,3,,,,,,,,,,,,,,
16,9,260,99,3,,,,,,,,,,,,,,
16,10,260,99,3,,,,,,,,,,,,,,
17,1,270,41,67,,,,,,,,,,,,,,
17,2,270,41,67,,,,,,,,,,,,,,
17,3,270,41,67,,,,,,,,,,,,,,
17,4,270,41,67,,,,,,,,,,,,,,
17,5,270,41,67,,,,,,,,,,,,,,
17,6,270,41,67,,,,,,,,,,,,,,
17,7,270,41,67,,,,,,,,,,,,,,
17,8,270,41,67,,,,,,,,,,,,,,
17,9,270,41,67,,,,,,,,,,,,,,
17,10,270,41,67,,,,,,,,,,,,,,
18,1,280,22,77,,,,,,,,,,,,,,
18,2,280,22,77,,,,,,,,,,,,,,
18,3,280,22,77,,,,,,,,,,,,,,
18,4,280,22,77,,,,,,,,,,,,,,
18,5,280,22,77,,,,,,,,,,,,,,
18,6,280,22,77,,,,,,,,,,,,,,
18,7,280,22,77,,,,,,,,,,,,,,
18,8,280,22,77,,,,,,,,,,,,,,
18,9,280,22,77,,,,,,,,,,,,,,
18,10,280,22,77,,,,,,,,,,,,,,
19,1,290,68,25,,,,,,,,,,,,,,
19,2,290,68,25,,,,,,,,,,,,,,
19,3,290,68,25,,,,,,,,,,,,,,
19,4,290,68,25,,,,,,,,,,,,,,
19,5,290,68,25,,,,,,,,,,,,,,
19,6,290,68,25,,,,,,,,,,,,,,
19,7,290,68,25,,,,,,,,,,,,,,
19,8,290,68,25,,,,,,,,,,,,,,
19,9,290,68,25,,,,,,,,,,,,,,
19,10,290,68,25,,,,,,,,,,,,,,
20,1,310,9,90,,,,,,,,,,,,,,
20,2,310,9,90,,,,,,,,,,,,,,
20,3,310,9,90,,,,,,,,,,,,,,
20,4,310,9,90,,,,,,,,,,,,,,
20,5,310,9,90,,,,,,,,,,,,,,
20,6,310,9,90,,,,,,,,,,,,,,
20,7,310,9,90,,,,,,,,,,,,,,
20,8,310,9,90,,,,,,,,,,,,,,
20,9,310,9,90,,,,,,,,,,,,,,
20,10,310,9,90,,,,,,,,,,,,,,
21,1,320,57,13,,,,,,,,,,,,,,
21,2,320,57,13,,,,,,,,,,,,,,
21,3,320,57,13,,,,,,,,,,,,,,
21,4,320,57,13,,,,,,,,,,,,,,
21,5,320,57,13,,,,,,,,,,,,,,
21,6,320,57,13,,,,,,,,,,,,,,
21,7,320,57,13,,,,,,,,,,,,,,
21,8,320,57,13,,,,,,,,,,,,,,
21,9,320,57,13,,,,,,,,,,,,,,
21,10,320,57,13,,,,,,,,,,,,,,
22,1,330,36,44,,,,,,,,,,,,,,
22,2,330,36,44,,,,,,,,,,,,,,
22,3,330,36,44,,,,,,,,,,,,,,
22,4,330,36,44,,,,,,,,,,,,,,
22,5,330,36,44,,,,,,,,,,,,,,
22,6,330,36,44,,,,,,,,,,,,,,
22,7,330,36,44,,,,,,,,,,,,,,
22,8,330,36,44,,,,,,,,,,,,,,
22,9,330,36,44,,,,,,,,,,,,,,
22,10,330,36,44,,,,,,,,,,,,,,
23,1,340,82,7,,,,,,,,,,,,,,
23,2,340,82,7,,,,,,,,,,,,,,
23,3,340,82,7,,,,,,,,,,,,,,
23,4,340,82,7,,,,,,,,,,,,,,
23,5,340,82,7,,,,,,,,,,,,,,
23,6,340,82,7,,,,,,,,,,,,,,
23,7,340,82,7,,,,,,,,,,,,,,
23,8,340,82,7,,,,,,,,,,,,,,
23,9,340,82,7,,,,,,,,,,,,,,
23,10,340,82,7,,,,,,,,,,,,,,
24,1,350,14,66,,,,,,,,,,,,,,
24,2,350,14,66,,,,,,,,,,,,,,
24,3,350,14,66,,,,,,,,,,,,,,
24,4,350,14,66,,,,,,,,,,,,,,
24,5,350,14,66,,,,,,,,,,,,,,
24,6,350,14,66,,,,,,,,,,,,,,
24,7,350,14,66,,,,,,,,,,,,,,
24,8,350,14,66,,,,,,,,,,,,,,
24,9,350,14,66,,,,,,,,,,,,,,
24,10,350,14,66,,,,,,,,,,,,,,
25,1,360,95,2,,,,,,,,,,,,,,
25,2,360,95,2,,,,,,,,,,,,,,
25,3,360,95,2,,,,,,,,,,,,,,
25,4,360,95,2,,,,,,,,,,,,,,
25,5,360,95,2,,,,,,,,,,,,,,
25,6,360,95,2,,,,,,,,,,,,,,
25,7,360,95,2,,,,,,,,,,,,,,
25,8,360,95,2,,,,,,,,,,,,,,
25,9,360,95,2,,,,,,,,,,,,,,
25,10,360,95,2,,,,,,,,,,,,,,
26,1,370,28,61,,,,,,,,,,,,,,
26,2,370,28,61,,,,,,,,,,,,,,
26,3,370,28,61,,,,,,,,,,,,,,
26,4,370,28,61,,,,,,,,,,,,,,
26,5,370,28,61,,,,,,,,,,,,,,
26,6,370,28,61,,,,,,,,,,,,,,
26,7,370,28,61,,,,,,,,,,,,,,
26,8,370,28,61,,,,,,,,,,,,,,
26,9,370,28,61,,,,,,,,,,,,,,
26,10,370,28,61,,,,,,,,,,,,,,
27,1,380,63,19,,,,,,,,,,,,,,
27,2,380,63,19,,,,,,,,,,,,,,
27,3,380,63,19,,,,,,,,,,,,,,
27,4,380,63,19,,,,,,,,,,,,,,
27,5,380,63,19,,,,,,,,,,,,,,
27,6,380,63,19,,,,,,,,,,,,,,
27,7,380,63,19,,,,,,,,,,,,,,
27,8,380,63,19,,,,,,,,,,,,,,
27,9,380,63,19,,,,,,,,,,,,,,
27,10,380,63,19,,,,,,,,,,,,,,
28,1,390,1,100,,,,,,,,,,,,,,
28,2,390,1,100,,,,,,,,,,,,,,
28,3,390,1,100,,,,,,,,,,,,,,
28,4,390,1,100,,,,,,,,,,,,,,
28,5,390,1,100,,,,,,,,,,,,,,
28,6,390,1,100,,,,,,,,,,,,,,
28,7,390,1,100,,,,,,,,,,,,,,
28,8,390,1,100,,,,,,,,,,,,,,
28,9,390,1,100,,,,,,,,,,,,,,
28,10,390,1,100,,,,,,,,,,,,,,
29,1,410,39,52,,,,,,,,,,,,,,
29,2,410,39,52,,,,,,,,,,,,,,
29,3,410,39,52,,,,,,,,,,,,,,
29,4,410,39,52,,,,,,,,,,,,,,
29,5,410,39,52,,,,,,,,,,,,,,
29,6,410,39,52,,,,,,,,,,,,,,
29,7,410,39,52,,,,,,,,,,,,,,
29,8,410,39,52,,,,,,,,,,,,,,
29,9,410,39,52,,,,,,,,,,,,,,
29,10,410,39,52,,,,,,,,,,,,,,
30,1,420,70,11,,,,,,,,,,,,,,
30,2,420,70,11,,,,,,,,,,,,,,
30,3,420,70,11,,,,,,,,,,,,,,
30,4,420,70,11,,,,,,,,,,,,,,
30,5,420,70,11,,,,,,,,,,,,,,
30,6,420,70,11,,,,,,,,,,,,,,
30,7,420,70,11,,,,,,,,,,,,,,
30,8,420,70,11,,,,,,,,,,,,,,
30,9,420,70,11,,,,,,,,,,,,,,
30,10,420,70,11,,,,,,,,,,,,,,
31,1,430,8,83,,,,,,,,,,,,,,
31,2,430,8,83,,,,,,,,,,,,,,
31,3,430,8,83,,,,,,,,,,,,,,
31,4,430,8,83,,,,,,,,,,,,,,
31,5,430,8,83,,,,,,,,,,,,,,
31,6,430,8,83,,,,,,,,,,,,,,
31,7,430,8,83,,,,,,,,,,,,,,
31,8,430,8,83,,,,,,,,,,,,,,
31,9,430,8,83,,,,,,,,,,,,,,
31,10,430,8,83,,,,,,,,,,,,,,
32,1,440,48,29,,,,,,,,,,,,,,
32,2,440,48,29,,,,,,,,,,,,,,
32,3,440,48,29,,,,,,,,,,,,,,
32,4,440,48,29,,,,,,,,,,,,,,
32,5,440,48,29,,,,,,,,,,,,,,
32,6,440,48,29,,,,,,,,,,,,,,
32,7,440,48,29,,,,,,,,,,,,,,
32,8,440,48,29,,,,,,,,,,,,,,
32,9,440,48,29,,,,,,,,,,,,,,
32,10,440,48,29,,,,,,,,,,,,,,
33,1,450,55,6,,,,,,,,,,,,,,
33,2,450,55,6,,,,,,,,,,,,,,
33,3,450,55,6,,,,,,,,,,,,,,
33,4,450,55,6,,,,,,,,,,,,,,
33,5,450,55,6,,,,,,,,,,,,,,
33,6,450,55,6,,,,,,,,,,,,,,
33,7,450,55,6,,,,,,,,,,,,,,
33,8,450,55,6,,,,,,,,,,,,,,
33,9,450,55,6,,,,,,,,,,,,,,
33,10,450,55,6,,,,,,,,,,,,,,
34,1,460,92,27,,,,,,,,,,,,,,
34,2,460,92,27,,,,,,,,,,,,,,
34,3,460,92,27,,,,,,,,,,,,,,
34,4,460,92,27,,,,,,,,,,,,,,
34,5,460,92,27,,,,,,,,,,,,,,
34,6,460,92,27,,,,,,,,,,,,,,
34,7,460,92,27,,,,,,,,,,,,,,
34,8,460,92,27,,,,,,,,,,,,,,
34,9,460,92,27,,,,,,,,,,,,,,
34,10,460,92,27,,,,,,,,,,,,,,
35,1,470,21,73,,,,,,,,,,,,,,
35,2,470,21,73,,,,,,,,,,,,,,
35,3,470,21,73,,,,,,,,,,,,,,
35,4,470,21,73,,,,,,,,,,,,,,
35,5,470,21,73,,,,,,,,,,,,,,
35,6,470,21,73,,,,,,,,,,,,,,
35,7,470,21,73,,,,,,,,,,,,,,
35,8,470,21,73,,,,,,,,,,,,,,
35,9,470,21,73,,,,,,,,,,,,,,
35,10,470,21,73,,,,,,,,,,,,,,
36,1,480,65,34,,,,,,,,,,,,,,
36,2,480,65,34,,,,,,,,,,,,,,
36,3,480,65,34,,,,,,,,,,,,,,
36,4,480,65,34,,,,,,,,,,,,,,
36,5,480,65,34,,,,,,,,,,,,,,
36,6,480,65,34,,,,,,,,,,,,,,
36,7,480,65,34,,,,,,,,,,,,,,
36,8,480,65,34,,,,,,,,,,,,,,
36,9,480,65,34,,,,,,,,,,,,,,
36,10,480,65,34,,,,,,,,,,,,,,
37,1,490,30,89,,,,,,,,,,,,,,
37,2,490,30,89,,,,,,,,,,,,,,
37,3,490,30,89,,,,,,,,,,,,,,
37,4,490,30,89,,,,,,,,,,,,,,
37,5,490,30,89,,,,,,,,,,,,,,
37,6,490,30,89,,,,,,,,,,,,,,
37,7,490,30,89,,,,,,,,,,,,,,
37,8,490,30,89,,,,,,,,,,,,,,
37,9,490,30,89,,,,,,,,,,,,,,
37,10,490,30,89,,,,,,,,,,,,,,
38,1,510,12,56,,,,,,,,,,,,,,
38,2,510,12,56,,,,,,,,,,,,,,
38,3,510,12,56,,,,,,,,,,,,,,
38,4,510,12,56,,,,,,,,,,,,,,
38,5,510,12,56,,,,,,,,,,,,,,
38,6,510,12,56,,,,,,,,,,,,,,
38,7,510,12,56,,,,,,,,,,,,,,
38,8,510,12,56,,,,,,,,,,,,,,
38,9,510,12,56,,,,,,,,,,,,,,
38,10,510,12,56,,,,,,,,,,,,,,
39,1,520,97,4,,,,,,,,,,,,,,
39,2,520,97,4,,,,,,,,,,,,,,
39,3,520,97,4,,,,,,,,,,,,,,
39,4,520,97,4,,,,,,,,,,,,,,
39,5,520,97,4,,,,,,,,,,,,,,
39,6,520,97,4,,,,,,,,,,,,,,
39,7,520,97,4,,,,,,,,,,,,,,
39,8,520,97,4,,,,,,,,,,,,,,
39,9,520,97,4,,,,,,,,,,,,,,
39,10,520,97,4,,,,,,,,,,,,,,
40,1,530,43,85,,,,,,,,,,,,,,
40,2,530,43,85,,,,,,,,,,,,,,
40,3,530,43,85,,,,,,,,,,,,,,
40,4,530,43,85,,,,,,,,,,,,,,
40,5,530,43,85,,,,,,,,,,,,,,
40,6,530,43,85,,,,,,,,,,,,,,
40,7,530,43,85,,,,,,,,,,,,,,
40,8,530,43,85,,,,,,,,,,,,,,
40,9,530,43,85,,,,,,,,,,,,,,
40,10,530,43,85,,,,,,,,,,,,,,
41,1,540,26,64,,,,,,,,,,,,,,
41,2,540,26,64,,,,,,,,,,,,,,
41,3,540,26,64,,,,,,,,,,,,,,
41,4,540,26,64,,,,,,,,,,,,,,
41,5,540,26,64,,,,,,,,,,,,,,
41,6,540,26,64,,,,,,,,,,,,,,
41,7,540,26,64,,,,,,,,,,,,,,
41,8,540,26,64,,,,,,,,,,,,,,
41,9,540,26,64,,,,,,,,,,,,,,
41,10,540,26,64,,,,,,,,,,,,,,
42,1,550,81,15,,,,,,,,,,,,,,
42,2,550,81,15,,,,,,,,,,,,,,
42,3,550,81,15,,,,,,,,,,,,,,
42,4,550,81,15,,,,,,,,,,,,,,
42,5,550,81,15,,,,,,,,,,,,,,
42,6,550,81,15,,,,,,,,,,,,,,
42,7,550,81,15,,,,,,,,,,,,,,
42,8,550,81,15,,,,,,,,,,,,,,
42,9,550,81,15,,,,,,,,,,,,,,
42,10,550,81,15,,,,,,,,,,,,,,
43,1,560,6,91,,,,,,,,,,,,,,
43,2,560,6,91,,,,,,,,,,,,,,
43,3,560,6,91,,,,,,,,,,,,,,
43,4,560,6,91,,,,,,,,,,,,,,
43,5,560,6,91,,,,,,,,,,,,,,
43,6,560,6,91,,,,,,,,,,,,,,
43,7,560,6,91,,,,,,,,,,,,,,
43,8,560,6,91,,,,,,,,,,,,,,
43,9,560,6,91,,,,,,,,,,,,,,
43,10,560,6,91,,,,,,,,,,,,,,
44,1,570,33,58,,,,,,,,,,,,,,
44,2,570,33,58,,,,,,,,,,,,,,
44,3,570,33,58,,,,,,,,,,,,,,
44,4,570,33,58,,,,,,,,,,,,,,
44,5,570,33,58,,,,,,,,,,,,,,
44,6,570,33,58,,,,,,,,,,,,,,
44,7,570,33,58,,,,,,,,,,,,,,
44,8,570,33,58,,,,,,,,,,,,,,
44,9,570,33,58,,,,,,,,,,,,,,
44,10,570,33,58,,,,,,,,,,,,,,
45,1,580,50,20,,,,,,,,,,,,,,
45,2,580,50,20,,,,,,,,,,,,,,
45,3,580,50,20,,,,,,,,,,,,,,
45,4,580,50,20,,,,,,,,,,,,,,
45,5,580,50,20,,,,,,,,,,,,,,
45,6,580,50,20,,,,,,,,,,,,,,
45,7,580,50,20,,,,,,,,,,,,,,
45,8,580,50,20,,,,,,,,,,,,,,
45,9,580,50,20,,,,,,,,,,,,,,
45,10,580,50,20,,,,,,,,,,,,,,
46,1,590,17,79,,,,,,,,,,,,,,
46,2,590,17,79,,,,,,,,,,,,,,
46,3,590,17,79,,,,,,,,,,,,,,
46,4,590,17,79,,,,,,,,,,,,,,
46,5,590,17,79,,,,,,,,,,,,,,
46,6,590,17,79,,,,,,,,,,,,,,
46,7,590,17,79,,,,,,,,,,,,,,
46,8,590,17,79,,,,,,,,,,,,,,
46,9,590,17,79,,,,,,,,,,,,,,
46,10,590,17,79,,,,,,,,,,,,,,
47,1,610,61,9,,,,,,,,,,,,,,
47,2,610,61,9,,,,,,,,,,,,,,
47,3,610,61,9,,,,,,,,,,,,,,
47,4,610,61,9,,,,,,,,,,,,,,
47,5,610,61,9,,,,,,,,,,,,,,
47,6,610,61,9,,,,,,,,,,,,,,
47,7,610,61,9,,,,,,,,,,,,,,
47,8,610,61,9,,,,,,,,,,,,,,
47,9,610,61,9,,,,,,,,,,,,,,
47,10,610,61,9,,,,,,,,,,,,,,
48,1,620,2,95,,,,,,,,,,,,,,
48,2,620,2,95,,,,,,,,,,,,,,
48,3,620,2,95,,,,,,,,,,,,,,
48,4,620,2,95,,,,,,,,,,,,,,
48,5,620,2,95,,,,,,,,,,,,,,
48,6,620,2,95,,,,,,,,,,,,,,
48,7,620,2,95,,,,,,,,,,,,,,
48,8,620,2,95,,,,,,,,,,,,,,
48,9,620,2,95,,,,,,,,,,,,,,
48,10,620,2,95,,,,,,,,,,,,,,
49,1,630,74,38,,,,,,,,,,,,,,
49,2,630,74,38,,,,,,,,,,,,,,
49,3,630,74,38,,,,,,,,,,,,,,
49,4,630,74,38,,,,,,,,,,,,,,
49,5,630,74,38,,,,,,,,,,,,,,
49,6,630,74,38,,,,,,,,,,,,,,
49,7,630,74,38,,,,,,,,,,,,,,
49,8,630,74,38,,,,,,,,,,,,,,
49,9,630,74,38,,,,,,,,,,,,,,
49,10,630,74,38,,,,,,,,,,,,,,
50,1,640,11,86,,,,,,,,,,,,,,
50,2,640,11,86,,,,,,,,,,,,,,
50,3,640,11,86,,,,,,,,,,,,,,
50,4,640,11,86,,,,,,,,,,,,,,
50,5,640,11,86,,,,,,,,,,,,,,
50,6,640,11,86,,,,,,,,,,,,,,
50,7,640,11,86,,,,,,,,,,,,,,
50,8,640,11,86,,,,,,,,,,,,,,
50,9,640,11,86,,,,,,,,,,,,,,
50,10,640,11,86,,,,,,,,,,,,,,
51,1,650,49,26,,,,,,,,,,,,,,
51,2,650,49,26,,,,,,,,,,,,,,
51,3,650,49,26,,,,,,,,,,,,,,
51,4,650,49,26,,,,,,,,,,,,,,
51,5,650,49,26,,,,,,,,,,,,,,
51,6,650,49,26,,,,,,,,,,,,,,
51,7,650,49,26,,,,,,,,,,,,,,
51,8,650,49,26,,,,,,,,,,,,,,
51,9,650,49,26,,,,,,,,,,,,,,
51,10,650,49,26,,,,,,,,,,,,,,
52,1,660,18,68,,,,,,,,,,,,,,
52,2,660,18,68,,,,,,,,,,,,,,
52,3,660,18,68,,,,,,,,,,,,,,
52,4,660,18,68,,,,,,,,,,,,,,
52,5,660,18,68,,,,,,,,,,,,,,
52,6,660,18,68,,,,,,,,,,,,,,
52,7,660,18,68,,,,,,,,,,,,,,
52,8,660,18,68,,,,,,,,,,,,,,
52,9,660,18,68,,,,,,,,,,,,,,
52,10,660,18,68,,,,,,,,,,,,,,
53,1,670,85,5,,,,,,,,,,,,,,
53,2,670,85,5,,,,,,,,,,,,,,
53,3,670,85,5,,,,,,,,,,,,,,
53,4,670,85,5,,,,,,,,,,,,,,
53,5,670,85,5,,,,,,,,,,,,,,
53,6,670,85,5,,,,,,,,,,,,,,
53,7,670,85,5,,,,,,,,,,,,,,
53,8,670,85,5,,,,,,,,,,,,,,
53,9,670,85,5,,,,,,,,,,,,,,
53,10,670,85,5,,,,,,,,,,,,,,
54,1,680,40,72,,,,,,,,,,,,,,
54,2,680,40,72,,,,,,,,,,,,,,
54,3,680,40,72,,,,,,,,,,,,,,
54,4,680,40,72,,,,,,,,,,,,,,
54,5,680,40,72,,,,,,,,,,,,,,
54,6,680,40,72,,,,,,,,,,,,,,
54,7,680,40,72,,,,,,,,,,,,,,
54,8,680,40,72,,,,,,,,,,,,,,
54,9,680,40,72,,,,,,,,,,,,,,
54,10,680,40,72,,,,,,,,,,,,,,
55,1,690,29,63,,,,,,,,,,,,,,
55,2,690,29,63,,,,,,,,,,,,,,
55,3,690,29,63,,,,,,,,,,,,,,
55,4,690,29,63,,,,,,,,,,,,,,
55,5,690,29,63,,,,,,,,,,,,,,
55,6,690,29,63,,,,,,,,,,,,,,
55,7,690,29,63,,,,,,,,,,,,,,
55,8,690,29,63,,,,,,,,,,,,,,
55,9,690,29,63,,,,,,,,,,,,,,
55,10,690,29,63,,,,,,,,,,,,,,
56,1,710,93,14,,,,,,,,,,,,,,
56,2,710,93,14,,,,,,,,,,,,,,
56,3,710,93,14,,,,,,,,,,,,,,
56,4,710,93,14,,,,,,,,,,,,,,
56,5,710,93,14,,,,,,,,,,,,,,
56,6,710,93,14,,,,,,,,,,,,,,
56,7,710,93,14,,,,,,,,,,,,,,
56,8,710,93,14,,,,,,,,,,,,,,
56,9,710,93,14,,,,,,,,,,,,,,
56,10,710,93,14,,,,,,,,,,,,,,
57,1,720,7,88,,,,,,,,,,,,,,
57,2,720,7,88,,,,,,,,,,,,,,
57,3,720,7,88,,,,,,,,,,,,,,
57,4,720,7,88,,,,,,,,,,,,,,
57,5,720,7,88,,,,,,,,,,,,,,
57,6,720,7,88,,,,,,,,,,,,,,
57,7,720,7,88,,,,,,,,,,,,,,
57,8,720,7,88,,,,,,,,,,,,,,
57,9,720,7,88,,,,,,,,,,,,,,
57,10,720,7,88,,,,,,,,,,,,,,
58,1,730,34,54,,,,,,,,,,,,,,
58,2,730,34,54,,,,,,,,,,,,,,
58,3,730,34,54,,,,,,,,,,,,,,
58,4,730,34,54,,,,,,,,,,,,,,
58,5,730,34,54,,,,,,,,,,,,,,
58,6,730,34,54,,,,,,,,,,,,,,
58,7,730,34,54,,,,,,,,,,,,,,
58,8,730,34,54,,,,,,,,,,,,,,
58,9,730,34,54,,,,,,,,,,,,,,
58,10,730,34,54,,,,,,,,,,,,,,
59,1,740,52,17,,,,,,,,,,,,,,
59,2,740,52,17,,,,,,,,,,,,,,
59,3,740,52,17,,,,,,,,,,,,,,
59,4,740,52,17,,,,,,,,,,,,,,
59,5,740,52,17,,,,,,,,,,,,,,
59,6,740,52,17,,,,,,,,,,,,,,
59,7,740,52,17,,,,,,,,,,,,,,
59,8,740,52,17,,,,,,,,,,,,,,
59,9,740,52,17,,,,,,,,,,,,,,
59,10,740,52,17,,,,,,,,,,,,,,
60,1,750,27,71,,,,,,,,,,,,,,
60,2,750,27,71,,,,,,,,,,,,,,
60,3,750,27,71,,,,,,,,,,,,,,
60,4,750,27,71,,,,,,,,,,,,,,
60,5,750,27,71,,,,,,,,,,,,,,
60,6,750,27,71,,,,,,,,,,,,,,
60,7,750,27,71,,,,,,,,,,,,,,
60,8,750,27,71,,,,,,,,,,,,,,
60,9,750,27,71,,,,,,,,,,,,,,
60,10,750,27,71,,,,,,,,,,,,,,
61,1,760,60,30,,,,,,,,,,,,,,
61,2,760,60,30,,,,,,,,,,,,,,
61,3,760,60,30,,,,,,,,,,,,,,
61,4,760,60,30,,,,,,,,,,,,,,
61,5,760,60,30,,,,,,,,,,,,,,
61,6,760,60,30,,,,,,,,,,,,,,
61,7,760,60,30,,,,,,,,,,,,,,
61,8,760,60,30,,,,,,,,,,,,,,
61,9,760,60,30,,,,,,,,,,,,,,
61,10,760,60,30,,,,,,,,,,,,,,
62,1,770,13,82,,,,,,,,,,,,,,
62,2,770,13,82,,,,,,,,,,,,,,
62,3,770,13,82,,,,,,,,,,,,,,
62,4,770,13,82,,,,,,,,,,,,,,
62,5,770,13,82,,,,,,,,,,,,,,
62,6,770,13,82,,,,,,,,,,,,,,
62,7,770,13,82,,,,,,,,,,,,,,
62,8,770,13,82,,,,,,,,,,,,,,
62,9,770,13,82,,,,,,,,,,,,,,
62,10,770,13,82,,,,,,,,,,,,,,
63,1,780,46,36,,,,,,,,,,,,,,
63,2,780,46,36,,,,,,,,,,,,,,
63,3,780,46,36,,,,,,,,,,,,,,
63,4,780,46,36,,,,,,,,,,,,,,
63,5,780,46,36,,,,,,,,,,,,,,
63,6,780,46,36,,,,,,,,,,,,,,
63,7,780,46,36,,,,,,,,,,,,,,
63,8,780,46,36,,,,,,,,,,,,,,
63,9,780,46,36,,,,,,,,,,,,,,
63,10,780,46,36,,,,,,,,,,,,,,
64,1,790,100,8,,,,,,,,,,,,,,
64,2,790,100,8,,,,,,,,,,,,,,
64,3,790,100,8,,,,,,,,,,,,,,
64,4,790,100,8,,,,,,,,,,,,,,
64,5,790,100,8,,,,,,,,,,,,,,
64,6,790,100,8,,,,,,,,,,,,,,
64,7,790,100,8,,,,,,,,,,,,,,
64,8,790,100,8,,,,,,,,,,,,,,
64,9,790,100,8,,,,,,,,,,,,,,
64,10,790,100,8,,,,,,,,,,,,,,
65,1,810,3,94,,,,,,,,,,,,,,
65,2,810,3,94,,,,,,,,,,,,,,
65,3,810,3,94,,,,,,,,,,,,,,
65,4,810,3,94,,,,,,,,,,,,,,
65,5,810,3,94,,,,,,,,,,,,,,
65,6,810,3,94,,,,,,,,,,,,,,
65,7,810,3,94,,,,,,,,,,,,,,
65,8,810,3,94,,,,,,,,,,,,,,
65,9,810,3,94,,,,,,,,,,,,,,
65,10,810,3,94,,,,,,,,,,,,,,
66,1,820,79,22,,,,,,,,,,,,,,
66,2,820,79,22,,,,,,,,,,,,,,
66,3,820,79,22,,,,,,,,,,,,,,
66,4,820,79,22,,,,,,,,,,,,,,
66,5,820,79,22,,,,,,,,,,,,,,
66,6,820,79,22,,,,,,,,,,,,,,
66,7,820,79,22,,,,,,,,,,,,,,
66,8,820,79,22,,,,,,,,,,,,,,
66,9,820,79,22,,,,,,,,,,,,,,
66,10,820,79,22,,,,,,,,,,,,,,
67,1,830,35,69,,,,,,,,,,,,,,
67,2,830,35,69,,,,,,,,,,,,,,
67,3,830,35,69,,,,,,,,,,,,,,
67,4,830,35,69,,,,,,,,,,,,,,
67,5,830,35,69,,,,,,,,,,,,,,
67,6,830,35,69,,,,,,,,,,,,,,
67,7,830,35,69,,,,,,,,,,,,,,
67,8,830,35,69,,,,,,,,,,,,,,
67,9,830,35,69,,,,,,,,,,,,,,
67,10,830,35,69,,,,,,,,,,,,,,
68,1,840,24,57,,,,,,,,,,,,,,
68,2,840,24,57,,,,,,,,,,,,,,
68,3,840,24,57,,,,,,,,,,,,,,
68,4,840,24,57,,,,,,,,,,,,,,
68,5,840,24,57,,,,,,,,,,,,,,
68,6,840,24,57,,,,,,,,,,,,,,
68,7,840,24,57,,,,,,,,,,,,,,
68,8,840,24,57,,,,,,,,,,,,,,
68,9,840,24,57,,,,,,,,,,,,,,
68,10,840,24,57,,,,,,,,,,,,,,
69,1,850,90,10,,,,,,,,,,,,,,
69,2,850,90,10,,,,,,,,,,,,,,
69,3,850,90,10,,,,,,,,,,,,,,
69,4,850,90,10,,,,,,,,,,,,,,
69,5,850,90,10,,,,,,,,,,,,,,
69,6,850,90,10,,,,,,,,,,,,,,
69,7,850,90,10,,,,,,,,,,,,,,
69,8,850,90,10,,,,,,,,,,,,,,
69,9,850,90,10,,,,,,,,,,,,,,
69,10,850,90,10,,,,,,,,,,,,,,
70,1,860,44,16,,,,,,,,,,,,,,
70,2,860,44,16,,,,,,,,,,,,,,
70,3,860,44,16,,,,,,,,,,,,,,
70,4,860,44,16,,,,,,,,,,,,,,
70,5,860,44,16,,,,,,,,,,,,,,
70,6,860,44,16,,,,,,,,,,,,,,
70,7,860,44,16,,,,,,,,,,,,,,
70,8,860,44,16,,,,,,,,,,,,,,
70,9,860,44,16,,,,,,,,,,,,,,
70,10,860,44,16,,,,,,,,,,,,,,
71,1,870,6,99,,,,,,,,,,,,,,
71,2,870,6,99,,,,,,,,,,,,,,
71,3,870,6,99,,,,,,,,,,,,,,
71,4,870,6,99,,,,,,,,,,,,,,
71,5,870,6,99,,,,,,,,,,,,,,
71,6,870,6,99,,,,,,,,,,,,,,
71,7,870,6,99,,,,,,,,,,,,,,
71,8,870,6,99,,,,,,,,,,,,,,
71,9,870,6,99,,,,,,,,,,,,,,
71,10,870,6,99,,,,,,,,,,,,,,
72,1,880,58,41,,,,,,,,,,,,,,
72,2,880,58,41,,,,,,,,,,,,,,
72,3,880,58,41,,,,,,,,,,,,,,
72,4,880,58,41,,,,,,,,,,,,,,
72,5,880,58,41,,,,,,,,,,,,,,
72,6,880,58,41,,,,,,,,,,,,,,
72,7,880,58,41,,,,,,,,,,,,,,
72,8,880,58,41,,,,,,,,,,,,,,
72,9,880,58,41,,,,,,,,,,,,,,
72,10,880,58,41,,,,,,,,,,,,,,
73,1,890,19,76,,,,,,,,,,,,,,
73,2,890,19,76,,,,,,,,,,,,,,
73,3,890,19,76,,,,,,,,,,,,,,
73,4,890,19,76,,,,,,,,,,,,,,
73,5,890,19,76,,,,,,,,,,,,,,
73,6,890,19,76,,,,,,,,,,,,,,
73,7,890,19,76,,,,,,,,,,,,,,
73,8,890,19,76,,,,,,,,,,,,,,
73,9,890,19,76,,,,,,,,,,,,,,
73,10,890,19,76,,,,,,,,,,,,,,
74,1,910,72,23,,,,,,,,,,,,,,
74,2,910,72,23,,,,,,,,,,,,,,
74,3,910,72,23,,,,,,,,,,,,,,
74,4,910,72,23,,,,,,,,,,,,,,
74,5,910,72,23,,,,,,,,,,,,,,
74,6,910,72,23,,,,,,,,,,,,,,
74,7,910,72,23,,,,,,,,,,,,,,
74,8,910,72,23,,,,,,,,,,,,,,
74,9,910,72,23,,,,,,,,,,,,,,
74,10,910,72,23,,,,,,,,,,,,,,
75,1,920,4,80,,,,,,,,,,,,,,
75,2,920,4,80,,,,,,,,,,,,,,
75,3,920,4,80,,,,,,,,,,,,,,
75,4,920,4,80,,,,,,,,,,,,,,
75,5,920,4,80,,,,,,,,,,,,,,
75,6,920,4,80,,,,,,,,,,,,,,
75,7,920,4,80,,,,,,,,,,,,,,
75,8,920,4,80,,,,,,,,,,,,,,
75,9,920,4,80,,,,,,,,,,,,,,
75,10,920,4,80,,,,,,,,,,,,,,
76,1,930,67,33,,,,,,,,,,,,,,
76,2,930,67,33,,,,,,,,,,,,,,
76,3,930,67,33,,,,,,,,,,,,,,
76,4,930,67,33,,,,,,,,,,,,,,
76,5,930,67,33,,,,,,,,,,,,,,
76,6,930,67,33,,,,,,,,,,,,,,
76,7,930,67,33,,,,,,,,,,,,,,
76,8,930,67,33,,,,,,,,,,,,,,
76,9,930,67,33,,,,,,,,,,,,,,
76,10,930,67,33,,,,,,,,,,,,,,
77,1,940,15,62,,,,,,,,,,,,,,
77,2,940,15,62,,,,,,,,,,,,,,
77,3,940,15,62,,,,,,,,,,,,,,
77,4,940,15,62,,,,,,,,,,,,,,
77,5,940,15,62,,,,,,,,,,,,,,
77,6,940,15,62,,,,,,,,,,,,,,
77,7,940,15,62,,,,,,,,,,,,,,
77,8,940,15,62,,,,,,,,,,,,,,
77,9,940,15,62,,,,,,,,,,,,,,
77,10,940,15,62,,,,,,,,,,,,,,
78,1,950,86,2,,,,,,,,,,,,,,
78,2,950,86,2,,,,,,,,,,,,,,
78,3,950,86,2,,,,,,,,,,,,,,
78,4,950,86,2,,,,,,,,,,,,,,
78,5,950,86,2,,,,,,,,,,,,,,
78,6,950,86,2,,,,,,,,,,,,,,
78,7,950,86,2,,,,,,,,,,,,,,
78,8,950,86,2,,,,,,,,,,,,,,
78,9,950,86,2,,,,,,,,,,,,,,
78,10,950,86,2,,,,,,,,,,,,,,
79,1,960,31,47,,,,,,,,,,,,,,
79,2,960,31,47,,,,,,,,,,,,,,
79,3,960,31,47,,,,,,,,,,,,,,
79,4,960,31,47,,,,,,,,,,,,,,
79,5,960,31,47,,,,,,,,,,,,,,
79,6,960,31,47,,,,,,,,,,,,,,
79,7,960,31,47,,,,,,,,,,,,,,
79,8,960,31,47,,,,,,,,,,,,,,
79,9,960,31,47,,,,,,,,,,,,,,
79,10,960,31,47,,,,,,,,,,,,,,
80,1,970,53,18,,,,,,,,,,,,,,
80,2,970,53,18,,,,,,,,,,,,,,
80,3,970,53,18,,,,,,,,,,,,,,
80,4,970,53,18,,,,,,,,,,,,,,
80,5,970,53,18,,,,,,,,,,,,,,
80,6,970,53,18,,,,,,,,,,,,,,
80,7,970,53,18,,,,,,,,,,,,,,
80,8,970,53,18,,,,,,,,,,,,,,
80,9,970,53,18,,,,,,,,,,,,,,
80,10,970,53,18,,,,,,,,,,,,,,
81,1,980,20,91,,,,,,,,,,,,,,
81,2,980,20,91,,,,,,,,,,,,,,
81,3,980,20,91,,,,,,,,,,,,,,
81,4,980,20,91,,,,,,,,,,,,,,
81,5,980,20,91,,,,,,,,,,,,,,
81,6,980,20,91,,,,,,,,,,,,,,
81,7,980,20,91,,,,,,,,,,,,,,
81,8,980,20,91,,,,,,,,,,,,,,
81,9,980,20,91,,,,,,,,,,,,,,
81,10,980,20,91,,,,,,,,,,,,,,
82,1,990,45,7,,,,,,,,,,,,,,
82,2,990,45,7,,,,,,,,,,,,,,
82,3,990,45,7,,,,,,,,,,,,,,
82,4,990,45,7,,,,,,,,,,,,,,
82,5,990,45,7,,,,,,,,,,,,,,
82,6,990,45,7,,,,,,,,,,,,,,
82,7,990,45,7,,,,,,,,,,,,,,
82,8,990,45,7,,,,,,,,,,,,,,
82,9,990,45,7,,,,,,,,,,,,,,
82,10,990,45,7,,,,,,,,,,,,,,
83,1,1010,14,83,,,,,,,,,,,,,,
83,2,1010,14,83,,,,,,,,,,,,,,
83,3,1010,14,83,,,,,,,,,,,,,,
83,4,1010,14,83,,,,,,,,,,,,,,
83,5,1010,14,83,,,,,,,,,,,,,,
83,6,1010,14,83,,,,,,,,,,,,,,
83,7,1010,14,83,,,,,,,,,,,,,,
83,8,1010,14,83,,,,,,,,,,,,,,
83,9,1010,14,83,,,,,,,,,,,,,,
83,10,1010,14,83,,,,,,,,,,,,,,
84,1,1020,96,11,,,,,,,,,,,,,,
84,2,1020,96,11,,,,,,,,,,,,,,
84,3,1020,96,11,,,,,,,,,,,,,,
84,4,1020,96,11,,,,,,,,,,,,,,
84,5,1020,96,11,,,,,,,,,,,,,,
84,6,1020,96,11,,,,,,,,,,,,,,
84,7,1020,96,11,,,,,,,,,,,,,,
84,8,1020,96,11,,,,,,,,,,,,,,
84,9,1020,96,11,,,,,,,,,,,,,,
84,10,1020,96,11,,,,,,,,,,,,,,
85,1,1030,38,59,,,,,,,,,,,,,,
85,2,1030,38,59,,,,,,,,,,,,,,
85,3,1030,38,59,,,,,,,,,,,,,,
85,4,1030,38,59,,,,,,,,,,,,,,
85,5,1030,38,59,,,,,,,,,,,,,,
85,6,1030,38,59,,,,,,,,,,,,,,
85,7,1030,38,59,,,,,,,,,,,,,,
85,8,1030,38,59,,,,,,,,,,,,,,
85,9,1030,38,59,,,,,,,,,,,,,,
85,10,1030,38,59,,,,,,,,,,,,,,
86,1,1040,25,66,,,,,,,,,,,,,,
86,2,1040,25,66,,,,,,,,,,,,,,
86,3,1040,25,66,,,,,,,,,,,,,,
86,4,1040,25,66,,,,,,,,,,,,,,
86,5,1040,25,66,,,,,,,,,,,,,,
86,6,1040,25,66,,,,,,,,,,,,,,
86,7,1040,25,66,,,,,,,,,,,,,,
86,8,1040,25,66,,,,,,,,,,,,,,
86,9,1040,25,66,,,,,,,,,,,,,,
86,10,1040,25,66,,,,,,,,,,,,,,
87,1,1050,71,29,,,,,,,,,,,,,,
87,2,1050,71,29,,,,,,,,,,,,,,
87,3,1050,71,29,,,,,,,,,,,,,,
87,4,1050,71,29,,,,,,,,,,,,,,
87,5,1050,71,29,,,,,,,,,,,,,,
87,6,1050,71,29,,,,,,,,,,,,,,
87,7,1050,71,29,,,,,,,,,,,,,,
87,8,1050,71,29,,,,,,,,,,,,,,
87,9,1050,71,29,,,,,,,,,,,,,,
87,10,1050,71,29,,,,,,,,,,,,,,
88,1,1060,47,12,,,,,,,,,,,,,,
88,2,1060,47,12,,,,,,,,,,,,,,
88,3,1060,47,12,,,,,,,,,,,,,,
88,4,1060,47,12,,,,,,,,,,,,,,
88,5,1060,47,12,,,,,,,,,,,,,,
88,6,1060,47,12,,,,,,,,,,,,,,
88,7,1060,47,12,,,,,,,,,,,,,,
88,8,1060,47,12,,,,,,,,,,,,,,
88,9,1060,47,12,,,,,,,,,,,,,,
88,10,1060,47,12,,,,,,,,,,,,,,
89,1,1070,8,95,,,,,,,,,,,,,,
89,2,1070,8,95,,,,,,,,,,,,,,
89,3,1070,8,95,,,,,,,,,,,,,,
89,4,1070,8,95,,,,,,,,,,,,,,
89,5,1070,8,95,,,,,,,,,,,,,,
89,6,1070,8,95,,,,,,,,,,,,,,
89,7,1070,8,95,,,,,,,,,,,,,,
89,8,1070,8,95,,,,,,,,,,,,,,
89,9,1070,8,95,,,,,,,,,,,,,,
89,10,1070,8,95,,,,,,,,,,,,,,
90,1,1080,56,39,,,,,,,,,,,,,,
90,2,1080,56,39,,,,,,,,,,,,,,
90,3,1080,56,39,,,,,,,,,,,,,,
90,4,1080,56,39,,,,,,,,,,,,,,
90,5,1080,56,39,,,,,,,,,,,,,,
90,6,1080,56,39,,,,,,,,,,,,,,
90,7,1080,56,39,,,,,,,,,,,,,,
90,8,1080,56,39,,,,,,,,,,,,,,
90,9,1080,56,39,,,,,,,,,,,,,,
90,10,1080,56,39,,,,,,,,,,,,,,
91,1,1090,2,88,,,,,,,,,,,,,,
91,2,1090,2,88,,,,,,,,,,,,,,
91,3,1090,2,88,,,,,,,,,,,,,,
91,4,1090,2,88,,,,,,,,,,,,,,
91,5,1090,2,88,,,,,,,,,,,,,,
91,6,1090,2,88,,,,,,,,,,,,,,
91,7,1090,2,88,,,,,,,,,,,,,,
91,8,1090,2,88,,,,,,,,,,,,,,
91,9,1090,2,88,,,,,,,,,,,,,,
91,10,1090,2,88,,,,,,,,,,,,,,
92,1,1110,77,21,,,,,,,,,,,,,,
92,2,1110,77,21,,,,,,,,,,,,,,
92,3,1110,77,21,,,,,,,,,,,,,,
92,4,1110,77,21,,,,,,,,,,,,,,
92,5,1110,77,21,,,,,,,,,,,,,,
92,6,1110,77,21,,,,,,,,,,,,,,
92,7,1110,77,21,,,,,,,,,,,,,,
92,8,1110,77,21,,,,,,,,,,,,,,
92,9,1110,77,21,,,,,,,,,,,,,,
92,10,1110,77,21,,,,,,,,,,,,,,
93,1,1120,10,74,,,,,,,,,,,,,,
93,2,1120,10,74,,,,,,,,,,,,,,
93,3,1120,10,74,,,,,,,,,,,,,,
93,4,1120,10,74,,,,,,,,,,,,,,
93,5,1120,10,74,,,,,,,,,,,,,,
93,6,1120,10,74,,,,,,,,,,,,,,
93,7,1120,10,74,,,,,,,,,,,,,,
93,8,1120,10,74,,,,,,,,,,,,,,
93,9,1120,10,74,,,,,,,,,,,,,,
93,10,1120,10,74,,,,,,,,,,,,,,
94,1,1130,59,35,,,,,,,,,,,,,,
94,2,1130,59,35,,,,,,,,,,,,,,
94,3,1130,59,35,,,,,,,,,,,,,,
94,4,1130,59,35,,,,,,,,,,,,,,
94,5,1130,59,35,,,,,,,,,,,,,,
94,6,1130,59,35,,,,,,,,,,,,,,
94,7,1130,59,35,,,,,,,,,,,,,,
94,8,1130,59,35,,,,,,,,,,,,,,
94,9,1130,59,35,,,,,,,,,,,,,,
94,10,1130,59,35,,,,,,,,,,,,,,
95,1,1140,32,61,,,,,,,,,,,,,,
95,2,1140,32,61,,,,,,,,,,,,,,
95,3,1140,32,61,,,,,,,,,,,,,,
95,4,1140,32,61,,,,,,,,,,,,,,
95,5,1140,32,61,,,,,,,,,,,,,,
95,6,1140,32,61,,,,,,,,,,,,,,
95,7,1140,32,61,,,,,,,,,,,,,,
95,8,1140,32,61,,,,,,,,,,,,,,
95,9,1140,32,61,,,,,,,,,,,,,,
95,10,1140,32,61,,,,,,,,,,,,,,
96,1,1150,69,4,,,,,,,,,,,,,,
96,2,1150,69,4,,,,,,,,,,,,,,
96,3,1150,69,4,,,,,,,,,,,,,,
96,4,1150,69,4,,,,,,,,,,,,,,
96,5,1150,69,4,,,,,,,,,,,,,,
96,6,1150,69,4,,,,,,,,,,,,,,
96,7,1150,69,4,,,,,,,,,,,,,,
96,8,1150,69,4,,,,,,,,,,,,,,
96,9,1150,69,4,,,,,,,,,,,,,,
96,10,1150,69,4,,,,,,,,,,,,,,
97,1,1160,23,80,,,,,,,,,,,,,,
97,2,1160,23,80,,,,,,,,,,,,,,
97,3,1160,23,80,,,,,,,,,,,,,,
97,4,1160,23,80,,,,,,,,,,,,,,
97,5,1160,23,80,,,,,,,,,,,,,,
97,6,1160,23,80,,,,,,,,,,,,,,
97,7,1160,23,80,,,,,,,,,,,,,,
97,8,1160,23,80,,,,,,,,,,,,,,
97,9,1160,23,80,,,,,,,,,,,,,,
97,10,1160,23,80,,,,,,,,,,,,,,
98,1,1170,41,53,,,,,,,,,,,,,,
98,2,1170,41,53,,,,,,,,,,,,,,
98,3,1170,41,53,,,,,,,,,,,,,,
98,4,1170,41,53,,,,,,,,,,,,,,
98,5,1170,41,53,,,,,,,,,,,,,,
98,6,1170,41,53,,,,,,,,,,,,,,
98,7,1170,41,53,,,,,,,,,,,,,,
98,8,1170,41,53,,,,,,,,,,,,,,
98,9,1170,41,53,,,,,,,,,,,,,,
98,10,1170,41,53,,,,,,,,,,,,,,
99,1,1180,84,15,,,,,,,,,,,,,,
99,2,1180,84,15,,,,,,,,,,,,,,
99,3,1180,84,15,,,,,,,,,,,,,,
99,4,1180,84,15,,,,,,,,,,,,,,
99,5,1180,84,15,,,,,,,,,,,,,,
99,6,1180,84,15,,,,,,,,,,,,,,
99,7,1180,84,15,,,,,,,,,,,,,,
99,8,1180,84,15,,,,,,,,,,,,,,
99,9,1180,84,15,,,,,,,,,,,,,,
99,10,1180,84,15,,,,,,,,,,,,,,
100,1,1190,5,97,,,,,,,,,,,,,,
100,2,1190,5,97,,,,,,,,,,,,,,
100,3,1190,5,97,,,,,,,,,,,,,,
100,4,1190,5,97,,,,,,,,,,,,,,
100,5,1190,5,97,,,,,,,,,,,,,,
100,6,1190,5,97,,,,,,,,,,,,,,
100,7,1190,5,97,,,,,,,,,,,,,,
100,8,1190,5,97,,,,,,,,,,,,,,
100,9,1190,5,97,,,,,,,,,,,,,,
100,10,1190,5,97,,,,,,,,,,,,,,
